sitemap,url,timestamp
https://www.kgkite.ac.in/page-sitemap.xml,https://www.kgkite.ac.in/,2025-10-16T03:41:36.409563
https://www.kgkite.ac.in/page-sitemap.xml,https://www.kgkite.ac.in/academics/departments/computer-science-and-engineering/research/,2025-10-16T03:41:36.409603
https://www.kgkite.ac.in/page-sitemap.xml,https://www.kgkite.ac.in/academics/departments/computer-science-and-engineering/faculty/,2025-10-16T03:41:36.409609
https://www.kgkite.ac.in/page-sitemap.xml,https://www.kgkite.ac.in/journal-reviewer/,2025-10-16T03:41:36.409613
https://www.kgkite.ac.in/page-sitemap.xml,https://www.kgkite.ac.in/areas-of-research/,2025-10-16T03:41:36.409616
https://www.kgkite.ac.in/page-sitemap.xml,https://www.kgkite.ac.in/supervisor/,2025-10-16T03:41:36.409620
https://www.kgkite.ac.in/page-sitemap.xml,https://www.kgkite.ac.in/committee/,2025-10-16T03:41:36.409623
https://www.kgkite.ac.in/page-sitemap.xml,https://www.kgkite.ac.in/placement-details-2024-2025/,2025-10-16T03:41:36.409627
https://www.kgkite.ac.in/page-sitemap.xml,https://www.kgkite.ac.in/academics/departments/artificial-intelligence-data-science/achievements/,2025-10-16T03:41:36.409630
https://www.kgkite.ac.in/page-sitemap.xml,https://www.kgkite.ac.in/school-of-innovation/lab-ecosystem/,2025-10-16T03:41:36.409634
https://www.kgkite.ac.in/page-sitemap.xml,https://www.kgkite.ac.in/school-of-innovation/phase-wise-roll-out/,2025-10-16T03:41:36.409637
https://www.kgkite.ac.in/page-sitemap.xml,https://www.kgkite.ac.in/school-of-innovation/student-journey-at-a-glance/,2025-10-16T03:41:36.409641
https://www.kgkite.ac.in/page-sitemap.xml,https://www.kgkite.ac.in/school-of-innovation/signature-initiatives/,2025-10-16T03:41:36.409644
https://www.kgkite.ac.in/page-sitemap.xml,https://www.kgkite.ac.in/school-of-innovation/strategic-objectives/,2025-10-16T03:41:36.409647
https://www.kgkite.ac.in/page-sitemap.xml,https://www.kgkite.ac.in/school-of-innovation/vision-mission-1/,2025-10-16T03:41:36.409650
https://www.kgkite.ac.in/page-sitemap.xml,https://www.kgkite.ac.in/school-of-innovation/,2025-10-16T03:41:36.409654
https://www.kgkite.ac.in/page-sitemap.xml,https://www.kgkite.ac.in/academics/departments/artificial-intelligence-data-science/faculty/,2025-10-16T03:41:36.409656
https://www.kgkite.ac.in/page-sitemap.xml,https://www.kgkite.ac.in/commitee/scist-committee/,2025-10-16T03:41:36.409660
https://www.kgkite.ac.in/page-sitemap.xml,https://www.kgkite.ac.in/commitee/internal-complaints-committee/,2025-10-16T03:41:36.409663
https://www.kgkite.ac.in/page-sitemap.xml,https://www.kgkite.ac.in/commitee/grievances-redressal-committee/,2025-10-16T03:41:36.409666
https://www.kgkite.ac.in/page-sitemap.xml,https://www.kgkite.ac.in/commitee/antiragging-committee/,2025-10-16T03:41:36.409669
https://www.kgkite.ac.in/page-sitemap.xml,https://www.kgkite.ac.in/iqac/academic-calendar/,2025-10-16T03:41:36.409672
https://www.kgkite.ac.in/page-sitemap.xml,https://www.kgkite.ac.in/admission/admission-letter/,2025-10-16T03:41:36.409675
https://www.kgkite.ac.in/page-sitemap.xml,https://www.kgkite.ac.in/iqac/iqac-composition/,2025-10-16T03:41:36.409678
https://www.kgkite.ac.in/page-sitemap.xml,https://www.kgkite.ac.in/research-center-approval-letter/,2025-10-16T03:41:36.409687
https://www.kgkite.ac.in/page-sitemap.xml,https://www.kgkite.ac.in/about-us/administration/,2025-10-16T03:41:36.409691
https://www.kgkite.ac.in/page-sitemap.xml,https://www.kgkite.ac.in/academics/departments/information-technology/it-regulations-curriculum/,2025-10-16T03:41:36.409694
https://www.kgkite.ac.in/page-sitemap.xml,https://www.kgkite.ac.in/academics/departments/information-technology/it-facilities/,2025-10-16T03:41:36.409697
https://www.kgkite.ac.in/page-sitemap.xml,https://www.kgkite.ac.in/academics/departments/information-technology/peos-pos-psos/,2025-10-16T03:41:36.409700
https://www.kgkite.ac.in/page-sitemap.xml,https://www.kgkite.ac.in/academics/departments/information-technology/it-faculty/,2025-10-16T03:41:36.409706
https://www.kgkite.ac.in/page-sitemap.xml,https://www.kgkite.ac.in/academics/departments/information-technology/it-about-department/,2025-10-16T03:41:36.409709
https://www.kgkite.ac.in/page-sitemap.xml,https://www.kgkite.ac.in/academics/departments/electronics-and-communication-engineering/about-department/,2025-10-16T03:41:36.409712
https://www.kgkite.ac.in/page-sitemap.xml,https://www.kgkite.ac.in/academics/departments/electronics-and-communication-engineering/faculty/,2025-10-16T03:41:36.409715
https://www.kgkite.ac.in/page-sitemap.xml,https://www.kgkite.ac.in/academics/departments/information-technology/vision-mission/,2025-10-16T03:41:36.409719
https://www.kgkite.ac.in/page-sitemap.xml,https://www.kgkite.ac.in/about-us/mandatory-disclosure/,2025-10-16T03:41:36.409722
https://www.kgkite.ac.in/page-sitemap.xml,https://www.kgkite.ac.in/admission/brochure/,2025-10-16T03:41:36.409727
https://www.kgkite.ac.in/page-sitemap.xml,https://www.kgkite.ac.in/about-us/contact-us/,2025-10-16T03:41:36.409730
https://www.kgkite.ac.in/page-sitemap.xml,https://www.kgkite.ac.in/list-of-non-teaching-staff/,2025-10-16T03:41:36.409733
https://www.kgkite.ac.in/page-sitemap.xml,https://www.kgkite.ac.in/placements/placement-record/,2025-10-16T03:41:36.409736
https://www.kgkite.ac.in/page-sitemap.xml,https://www.kgkite.ac.in/privacy-policy/,2025-10-16T03:41:36.409739
https://www.kgkite.ac.in/page-sitemap.xml,https://www.kgkite.ac.in/terms-conditions/,2025-10-16T03:41:36.409742
https://www.kgkite.ac.in/page-sitemap.xml,https://www.kgkite.ac.in/idea-lab/,2025-10-16T03:41:36.409745
https://www.kgkite.ac.in/page-sitemap.xml,https://www.kgkite.ac.in/academics/departments/cyber-security/faculty/,2025-10-16T03:41:36.409748
https://www.kgkite.ac.in/page-sitemap.xml,https://www.kgkite.ac.in/academics/departments/artificial-intelligence-and-machine-learning/,2025-10-16T03:41:36.409751
https://www.kgkite.ac.in/page-sitemap.xml,https://www.kgkite.ac.in/academics/departments/artificial-intelligence-and-machine-learning/faculty/,2025-10-16T03:41:36.409754
https://www.kgkite.ac.in/page-sitemap.xml,https://www.kgkite.ac.in/academics/departments/computer-science-and-business-systems/faculty/,2025-10-16T03:41:36.409757
https://www.kgkite.ac.in/page-sitemap.xml,https://www.kgkite.ac.in/academics/departments/mechanical-engineering/faculty/,2025-10-16T03:41:36.409760
https://www.kgkite.ac.in/page-sitemap.xml,https://www.kgkite.ac.in/academics/departments/science-humanities/faculty/,2025-10-16T03:41:36.409763
https://www.kgkite.ac.in/page-sitemap.xml,https://www.kgkite.ac.in/academics/departments/masters-in-business-administration/faculty/,2025-10-16T03:41:36.409766
https://www.kgkite.ac.in/page-sitemap.xml,https://www.kgkite.ac.in/admission/,2025-10-16T03:41:36.409769
https://www.kgkite.ac.in/page-sitemap.xml,https://www.kgkite.ac.in/academics/programmes/ug-programmes/,2025-10-16T03:41:36.409772
https://www.kgkite.ac.in/page-sitemap.xml,https://www.kgkite.ac.in/iqac/nirf/,2025-10-16T03:41:36.409775
https://www.kgkite.ac.in/page-sitemap.xml,https://www.kgkite.ac.in/iqac/aqar/,2025-10-16T03:41:36.409778
https://www.kgkite.ac.in/page-sitemap.xml,https://www.kgkite.ac.in/library/library-events-and-photo-gallery/,2025-10-16T03:41:36.409782
https://www.kgkite.ac.in/page-sitemap.xml,https://www.kgkite.ac.in/book-review-event/,2025-10-16T03:41:36.409785
https://www.kgkite.ac.in/page-sitemap.xml,https://www.kgkite.ac.in/ieee-xplore-digital-library/,2025-10-16T03:41:36.409788
https://www.kgkite.ac.in/page-sitemap.xml,https://www.kgkite.ac.in/book-fair-2024/,2025-10-16T03:41:36.409791
https://www.kgkite.ac.in/page-sitemap.xml,https://www.kgkite.ac.in/mou-with-salis/,2025-10-16T03:41:36.409794
https://www.kgkite.ac.in/page-sitemap.xml,https://www.kgkite.ac.in/national-library-week/,2025-10-16T03:41:36.409797
https://www.kgkite.ac.in/page-sitemap.xml,https://www.kgkite.ac.in/ieee-xplore-training-program/,2025-10-16T03:41:36.409800
https://www.kgkite.ac.in/page-sitemap.xml,https://www.kgkite.ac.in/library/library-team/,2025-10-16T03:41:36.409803
https://www.kgkite.ac.in/page-sitemap.xml,https://www.kgkite.ac.in/library/about-library/,2025-10-16T03:41:36.409806
https://www.kgkite.ac.in/page-sitemap.xml,https://www.kgkite.ac.in/library/digital-library/,2025-10-16T03:41:36.409809
https://www.kgkite.ac.in/page-sitemap.xml,https://www.kgkite.ac.in/library/titles-and-volumes/,2025-10-16T03:41:36.409812
https://www.kgkite.ac.in/page-sitemap.xml,https://www.kgkite.ac.in/iqac/contact/,2025-10-16T03:41:36.409815
https://www.kgkite.ac.in/page-sitemap.xml,https://www.kgkite.ac.in/reports/,2025-10-16T03:41:36.409818
https://www.kgkite.ac.in/page-sitemap.xml,https://www.kgkite.ac.in/iqac/stakeholders-feedback/,2025-10-16T03:41:36.409821
https://www.kgkite.ac.in/page-sitemap.xml,https://www.kgkite.ac.in/iqac/strategic-plan/,2025-10-16T03:41:36.409826
https://www.kgkite.ac.in/page-sitemap.xml,https://www.kgkite.ac.in/stack-holders-feedback/,2025-10-16T03:41:36.409829
https://www.kgkite.ac.in/page-sitemap.xml,https://www.kgkite.ac.in/iqac/iqac-minutes-atr/,2025-10-16T03:41:36.409832
https://www.kgkite.ac.in/page-sitemap.xml,https://www.kgkite.ac.in/iqac/about-iqac/,2025-10-16T03:41:36.409835
https://www.kgkite.ac.in/page-sitemap.xml,https://www.kgkite.ac.in/naac/,2025-10-16T03:41:36.409838
https://www.kgkite.ac.in/page-sitemap.xml,https://www.kgkite.ac.in/about-us/financials/,2025-10-16T03:41:36.409841
https://www.kgkite.ac.in/page-sitemap.xml,https://www.kgkite.ac.in/half-yearly-compliance-report-and-environmental-statement/,2025-10-16T03:41:36.409844
https://www.kgkite.ac.in/page-sitemap.xml,https://www.kgkite.ac.in/placements/contact/,2025-10-16T03:41:36.409847
https://www.kgkite.ac.in/page-sitemap.xml,https://www.kgkite.ac.in/academics/departments/masters-in-business-administration/peos-psos/,2025-10-16T03:41:36.409855
https://www.kgkite.ac.in/page-sitemap.xml,https://www.kgkite.ac.in/campus-life/infrastructure/environmental-clearance/,2025-10-16T03:41:36.409858
https://www.kgkite.ac.in/page-sitemap.xml,https://www.kgkite.ac.in/about-us/governing-council/,2025-10-16T03:41:36.409862
https://www.kgkite.ac.in/page-sitemap.xml,https://www.kgkite.ac.in/electronics-and-communication-engineering-2/,2025-10-16T03:41:36.409865
https://www.kgkite.ac.in/page-sitemap.xml,https://www.kgkite.ac.in/academics/departments/electronics-and-communication-engineering/innovative-teaching-practices/,2025-10-16T03:41:36.409869
https://www.kgkite.ac.in/page-sitemap.xml,https://www.kgkite.ac.in/computer-science-and-engineering-2/,2025-10-16T03:41:36.409871
https://www.kgkite.ac.in/page-sitemap.xml,https://www.kgkite.ac.in/computer-science-and-engineering/,2025-10-16T03:41:36.409874
https://www.kgkite.ac.in/page-sitemap.xml,https://www.kgkite.ac.in/electronics-and-communication-engineering/,2025-10-16T03:41:36.409877
https://www.kgkite.ac.in/page-sitemap.xml,https://www.kgkite.ac.in/academics/departments/computer-science-and-engineering/innovative-teaching-practices/,2025-10-16T03:41:36.409880
https://www.kgkite.ac.in/page-sitemap.xml,https://www.kgkite.ac.in/aicte-approval-letter/,2025-10-16T03:41:36.409883
https://www.kgkite.ac.in/page-sitemap.xml,https://www.kgkite.ac.in/about-us/kite-virtual-tour/,2025-10-16T03:41:36.409886
https://www.kgkite.ac.in/page-sitemap.xml,https://www.kgkite.ac.in/academics/departments/cyber-security/,2025-10-16T03:41:36.409889
https://www.kgkite.ac.in/page-sitemap.xml,https://www.kgkite.ac.in/academics/departments/science-humanities/,2025-10-16T03:41:36.409892
https://www.kgkite.ac.in/page-sitemap.xml,https://www.kgkite.ac.in/academics/departments/science-humanities/about-department/,2025-10-16T03:41:36.409895
https://www.kgkite.ac.in/page-sitemap.xml,https://www.kgkite.ac.in/aishe-approval-letter/,2025-10-16T03:41:36.409898
https://www.kgkite.ac.in/page-sitemap.xml,https://www.kgkite.ac.in/approvals-ugc-au-aicte-dote/,2025-10-16T03:41:36.409901
https://www.kgkite.ac.in/page-sitemap.xml,https://www.kgkite.ac.in/dote-approval-letter/,2025-10-16T03:41:36.409904
https://www.kgkite.ac.in/page-sitemap.xml,https://www.kgkite.ac.in/alumni/distinguished-alumni/,2025-10-16T03:41:36.409907
https://www.kgkite.ac.in/page-sitemap.xml,https://www.kgkite.ac.in/academics/departments/artificial-intelligence-data-science/research/,2025-10-16T03:41:36.409913
https://www.kgkite.ac.in/page-sitemap.xml,https://www.kgkite.ac.in/about-us/kite-blogs/,2025-10-16T03:41:36.409916
https://www.kgkite.ac.in/page-sitemap.xml,https://www.kgkite.ac.in/commitee/,2025-10-16T03:41:36.409919
https://www.kgkite.ac.in/page-sitemap.xml,https://www.kgkite.ac.in/clubs-and-cells/fine-arts/,2025-10-16T03:41:36.409922
https://www.kgkite.ac.in/page-sitemap.xml,https://www.kgkite.ac.in/clubs-and-cells/tech-community/,2025-10-16T03:41:36.409925
https://www.kgkite.ac.in/page-sitemap.xml,https://www.kgkite.ac.in/library/contact-us/,2025-10-16T03:41:36.409928
https://www.kgkite.ac.in/page-sitemap.xml,https://www.kgkite.ac.in/library/journals-and-magazines/,2025-10-16T03:41:36.409933
https://www.kgkite.ac.in/page-sitemap.xml,https://www.kgkite.ac.in/campus-life/hostel/,2025-10-16T03:41:36.409936
https://www.kgkite.ac.in/page-sitemap.xml,https://www.kgkite.ac.in/robotic-process-automation/,2025-10-16T03:41:36.409939
https://www.kgkite.ac.in/page-sitemap.xml,https://www.kgkite.ac.in/augmented-reality-virtual-reality/,2025-10-16T03:41:36.409942
https://www.kgkite.ac.in/page-sitemap.xml,https://www.kgkite.ac.in/cii/professor-of-practicespops/,2025-10-16T03:41:36.409945
https://www.kgkite.ac.in/page-sitemap.xml,https://www.kgkite.ac.in/cyber-security-2/,2025-10-16T03:41:36.409948
https://www.kgkite.ac.in/page-sitemap.xml,https://www.kgkite.ac.in/web-3-0/,2025-10-16T03:41:36.409951
https://www.kgkite.ac.in/page-sitemap.xml,https://www.kgkite.ac.in/artificial-intelligence-and-embedded-systems-lab/,2025-10-16T03:41:36.409954
https://www.kgkite.ac.in/page-sitemap.xml,https://www.kgkite.ac.in/industry-interaction-interface/mous/,2025-10-16T03:41:36.409957
https://www.kgkite.ac.in/page-sitemap.xml,https://www.kgkite.ac.in/academics/departments/masters-in-business-administration/alumni/,2025-10-16T03:41:36.409960
https://www.kgkite.ac.in/page-sitemap.xml,https://www.kgkite.ac.in/academics/departments/masters-in-business-administration/placements/,2025-10-16T03:41:36.409963
https://www.kgkite.ac.in/page-sitemap.xml,https://www.kgkite.ac.in/academics/departments/masters-in-business-administration/achievements/,2025-10-16T03:41:36.409966
https://www.kgkite.ac.in/page-sitemap.xml,https://www.kgkite.ac.in/academics/departments/masters-in-business-administration/events-organised/,2025-10-16T03:41:36.409969
https://www.kgkite.ac.in/page-sitemap.xml,https://www.kgkite.ac.in/academics/departments/masters-in-business-administration/value-added-courses/,2025-10-16T03:41:36.409972
https://www.kgkite.ac.in/page-sitemap.xml,https://www.kgkite.ac.in/academics/departments/masters-in-business-administration/research-2/,2025-10-16T03:41:36.409975
https://www.kgkite.ac.in/page-sitemap.xml,https://www.kgkite.ac.in/academics/departments/masters-in-business-administration/innovative-teaching-practices/,2025-10-16T03:41:36.409978
https://www.kgkite.ac.in/page-sitemap.xml,https://www.kgkite.ac.in/academics/departments/science-humanities/research/,2025-10-16T03:41:36.409981
https://www.kgkite.ac.in/page-sitemap.xml,https://www.kgkite.ac.in/academics/departments/science-humanities/teaching-and-learning-process/,2025-10-16T03:41:36.409984
https://www.kgkite.ac.in/page-sitemap.xml,https://www.kgkite.ac.in/academics/departments/science-humanities/facilities/,2025-10-16T03:41:36.409987
https://www.kgkite.ac.in/page-sitemap.xml,https://www.kgkite.ac.in/academics/departments/information-technology/events-organized/,2025-10-16T03:41:36.409990
https://www.kgkite.ac.in/page-sitemap.xml,https://www.kgkite.ac.in/academics/departments/masters-in-business-administration/gallery/,2025-10-16T03:41:36.409993
https://www.kgkite.ac.in/page-sitemap.xml,https://www.kgkite.ac.in/academics/departments/masters-in-business-administration/regulation-curriculum/,2025-10-16T03:41:36.409996
https://www.kgkite.ac.in/page-sitemap.xml,https://www.kgkite.ac.in/academics/departments/masters-in-business-administration/facilities/,2025-10-16T03:41:36.409999
https://www.kgkite.ac.in/page-sitemap.xml,https://www.kgkite.ac.in/academics/departments/masters-in-business-administration/vision-mission/,2025-10-16T03:41:36.410002
https://www.kgkite.ac.in/page-sitemap.xml,https://www.kgkite.ac.in/academics/departments/masters-in-business-administration/about-department/,2025-10-16T03:41:36.410004
https://www.kgkite.ac.in/page-sitemap.xml,https://www.kgkite.ac.in/academics/departments/information-technology/mous/,2025-10-16T03:41:36.410007
https://www.kgkite.ac.in/page-sitemap.xml,https://www.kgkite.ac.in/academics/departments/science-humanities/gallery/,2025-10-16T03:41:36.410010
https://www.kgkite.ac.in/page-sitemap.xml,https://www.kgkite.ac.in/academics/departments/science-humanities/events-organized/,2025-10-16T03:41:36.410013
https://www.kgkite.ac.in/page-sitemap.xml,https://www.kgkite.ac.in/academics/departments/science-humanities/regulations-curriculum/,2025-10-16T03:41:36.410019
https://www.kgkite.ac.in/page-sitemap.xml,https://www.kgkite.ac.in/academics/departments/science-humanities/pos/,2025-10-16T03:41:36.410022
https://www.kgkite.ac.in/page-sitemap.xml,https://www.kgkite.ac.in/academics/departments/computer-science-and-business-systems/gallery/,2025-10-16T03:41:36.410026
https://www.kgkite.ac.in/page-sitemap.xml,https://www.kgkite.ac.in/academics/departments/computer-science-and-business-systems/event-organised/,2025-10-16T03:41:36.410031
https://www.kgkite.ac.in/page-sitemap.xml,https://www.kgkite.ac.in/academics/departments/computer-science-and-business-systems/achievements/,2025-10-16T03:41:36.410034
https://www.kgkite.ac.in/page-sitemap.xml,https://www.kgkite.ac.in/academics/departments/information-technology/star-alumni/,2025-10-16T03:41:36.410037
https://www.kgkite.ac.in/page-sitemap.xml,https://www.kgkite.ac.in/academics/departments/computer-science-and-business-systems/value-added-course/,2025-10-16T03:41:36.410040
https://www.kgkite.ac.in/page-sitemap.xml,https://www.kgkite.ac.in/academics/departments/computer-science-and-business-systems/mous/,2025-10-16T03:41:36.410043
https://www.kgkite.ac.in/page-sitemap.xml,https://www.kgkite.ac.in/academics/departments/computer-science-and-business-systems/regulation-curriculum/,2025-10-16T03:41:36.410046
https://www.kgkite.ac.in/page-sitemap.xml,https://www.kgkite.ac.in/academics/departments/computer-science-and-business-systems/club-and-association/,2025-10-16T03:41:36.410049
https://www.kgkite.ac.in/page-sitemap.xml,https://www.kgkite.ac.in/academics/departments/computer-science-and-business-systems/facilities/,2025-10-16T03:41:36.410052
https://www.kgkite.ac.in/page-sitemap.xml,https://www.kgkite.ac.in/academics/departments/computer-science-and-business-systems/innovative-learning/,2025-10-16T03:41:36.410055
https://www.kgkite.ac.in/page-sitemap.xml,https://www.kgkite.ac.in/academics/departments/computer-science-and-business-systems/research/,2025-10-16T03:41:36.410058
https://www.kgkite.ac.in/page-sitemap.xml,https://www.kgkite.ac.in/academics/departments/computer-science-and-business-systems/peos-pos-psos/,2025-10-16T03:41:36.410061
https://www.kgkite.ac.in/page-sitemap.xml,https://www.kgkite.ac.in/academics/departments/computer-science-and-business-systems/vision-mission/,2025-10-16T03:41:36.410064
https://www.kgkite.ac.in/page-sitemap.xml,https://www.kgkite.ac.in/academics/departments/computer-science-and-business-systems/about-department/,2025-10-16T03:41:36.410067
https://www.kgkite.ac.in/page-sitemap.xml,https://www.kgkite.ac.in/academics/departments/information-technology/innovative-learning/,2025-10-16T03:41:36.410070
https://www.kgkite.ac.in/page-sitemap.xml,https://www.kgkite.ac.in/academics/departments/artificial-intelligence-data-science/8574-2/,2025-10-16T03:41:36.410073
https://www.kgkite.ac.in/page-sitemap.xml,https://www.kgkite.ac.in/academics/departments/artificial-intelligence-data-science/clubs-and-association/,2025-10-16T03:41:36.410076
https://www.kgkite.ac.in/page-sitemap.xml,https://www.kgkite.ac.in/academics/departments/artificial-intelligence-data-science/events-organized/,2025-10-16T03:41:36.410079
https://www.kgkite.ac.in/page-sitemap.xml,https://www.kgkite.ac.in/academics/departments/artificial-intelligence-data-science/placements-and-internship/,2025-10-16T03:41:36.410082
https://www.kgkite.ac.in/page-sitemap.xml,https://www.kgkite.ac.in/academics/departments/artificial-intelligence-data-science/gallery/,2025-10-16T03:41:36.410085
https://www.kgkite.ac.in/page-sitemap.xml,https://www.kgkite.ac.in/academics/departments/artificial-intelligence-data-science/value-added-courses/,2025-10-16T03:41:36.410088
https://www.kgkite.ac.in/page-sitemap.xml,https://www.kgkite.ac.in/academics/departments/information-technology/achievements/,2025-10-16T03:41:36.410091
https://www.kgkite.ac.in/page-sitemap.xml,https://www.kgkite.ac.in/academics/departments/artificial-intelligence-data-science/regulations-curriculum/,2025-10-16T03:41:36.410094
https://www.kgkite.ac.in/page-sitemap.xml,https://www.kgkite.ac.in/academics/departments/artificial-intelligence-data-science/facilities/,2025-10-16T03:41:36.410097
https://www.kgkite.ac.in/page-sitemap.xml,https://www.kgkite.ac.in/academics/departments/artificial-intelligence-data-science/innovation-and-learning/,2025-10-16T03:41:36.410100
https://www.kgkite.ac.in/page-sitemap.xml,https://www.kgkite.ac.in/academics/departments/artificial-intelligence-data-science/courses-offered/,2025-10-16T03:41:36.410103
https://www.kgkite.ac.in/page-sitemap.xml,https://www.kgkite.ac.in/academics/departments/artificial-intelligence-data-science/peos-pos-psos/,2025-10-16T03:41:36.410106
https://www.kgkite.ac.in/page-sitemap.xml,https://www.kgkite.ac.in/academics/departments/artificial-intelligence-data-science/vision-mission/,2025-10-16T03:41:36.410111
https://www.kgkite.ac.in/page-sitemap.xml,https://www.kgkite.ac.in/academics/departments/artificial-intelligence-data-science/about-department/,2025-10-16T03:41:36.410114
https://www.kgkite.ac.in/page-sitemap.xml,https://www.kgkite.ac.in/academics/departments/information-technology/placement/,2025-10-16T03:41:36.410132
https://www.kgkite.ac.in/page-sitemap.xml,https://www.kgkite.ac.in/academics/departments/mechanical-engineering/achievements/,2025-10-16T03:41:36.410136
https://www.kgkite.ac.in/page-sitemap.xml,https://www.kgkite.ac.in/academics/departments/mechanical-engineering/mous/,2025-10-16T03:41:36.410139
https://www.kgkite.ac.in/page-sitemap.xml,https://www.kgkite.ac.in/academics/departments/mechanical-engineering/alumni/,2025-10-16T03:41:36.410142
https://www.kgkite.ac.in/page-sitemap.xml,https://www.kgkite.ac.in/academics/departments/mechanical-engineering/placement/,2025-10-16T03:41:36.410148
https://www.kgkite.ac.in/page-sitemap.xml,https://www.kgkite.ac.in/academics/departments/mechanical-engineering/value-added-courses/,2025-10-16T03:41:36.410151
https://www.kgkite.ac.in/page-sitemap.xml,https://www.kgkite.ac.in/academics/departments/mechanical-engineering/research/,2025-10-16T03:41:36.410154
https://www.kgkite.ac.in/page-sitemap.xml,https://www.kgkite.ac.in/academics/departments/information-technology/value-added-courses/,2025-10-16T03:41:36.410157
https://www.kgkite.ac.in/page-sitemap.xml,https://www.kgkite.ac.in/academics/departments/mechanical-engineering/regulations-curriculum/,2025-10-16T03:41:36.410160
https://www.kgkite.ac.in/page-sitemap.xml,https://www.kgkite.ac.in/academics/departments/mechanical-engineering/facilities/,2025-10-16T03:41:36.410163
https://www.kgkite.ac.in/page-sitemap.xml,https://www.kgkite.ac.in/academics/departments/mechanical-engineering/courses-offered/,2025-10-16T03:41:36.410165
https://www.kgkite.ac.in/page-sitemap.xml,https://www.kgkite.ac.in/academics/departments/mechanical-engineering/peos-pos-psos/,2025-10-16T03:41:36.410169
https://www.kgkite.ac.in/page-sitemap.xml,https://www.kgkite.ac.in/academics/departments/mechanical-engineering/vision-mission/,2025-10-16T03:41:36.410172
https://www.kgkite.ac.in/page-sitemap.xml,https://www.kgkite.ac.in/academics/departments/mechanical-engineering/about-department/,2025-10-16T03:41:36.410174
https://www.kgkite.ac.in/page-sitemap.xml,https://www.kgkite.ac.in/academics/departments/mechanical-engineering/gallery/,2025-10-16T03:41:36.410177
https://www.kgkite.ac.in/page-sitemap.xml,https://www.kgkite.ac.in/academics/departments/information-technology/research/,2025-10-16T03:41:36.410180
https://www.kgkite.ac.in/page-sitemap.xml,https://www.kgkite.ac.in/academics/departments/electronics-and-communication-engineering/gallery/,2025-10-16T03:41:36.410183
https://www.kgkite.ac.in/page-sitemap.xml,https://www.kgkite.ac.in/academics/departments/electronics-and-communication-engineering/research/,2025-10-16T03:41:36.410186
https://www.kgkite.ac.in/page-sitemap.xml,https://www.kgkite.ac.in/academics/departments/electronics-and-communication-engineering/star-alumini/,2025-10-16T03:41:36.410189
https://www.kgkite.ac.in/page-sitemap.xml,https://www.kgkite.ac.in/academics/departments/electronics-and-communication-engineering/idc-club/,2025-10-16T03:41:36.410195
https://www.kgkite.ac.in/page-sitemap.xml,https://www.kgkite.ac.in/academics/departments/electronics-and-communication-engineering/events-organized/,2025-10-16T03:41:36.410198
https://www.kgkite.ac.in/page-sitemap.xml,https://www.kgkite.ac.in/academics/departments/electronics-and-communication-engineering/achievements/,2025-10-16T03:41:36.410212
https://www.kgkite.ac.in/page-sitemap.xml,https://www.kgkite.ac.in/academics/departments/electronics-and-communication-engineering/mou-funding-project/,2025-10-16T03:41:36.410215
https://www.kgkite.ac.in/page-sitemap.xml,https://www.kgkite.ac.in/academics/departments/electronics-and-communication-engineering/placements/,2025-10-16T03:41:36.410218
https://www.kgkite.ac.in/page-sitemap.xml,https://www.kgkite.ac.in/academics/departments/electronics-and-communication-engineering/value-added-courses/,2025-10-16T03:41:36.410221
https://www.kgkite.ac.in/page-sitemap.xml,https://www.kgkite.ac.in/academics/departments/electronics-and-communication-engineering/regulation-curriculam/,2025-10-16T03:41:36.410224
https://www.kgkite.ac.in/page-sitemap.xml,https://www.kgkite.ac.in/academics/departments/electronics-and-communication-engineering/facilities/,2025-10-16T03:41:36.410227
https://www.kgkite.ac.in/page-sitemap.xml,https://www.kgkite.ac.in/academics/departments/electronics-and-communication-engineering/courses-offered/,2025-10-16T03:41:36.410230
https://www.kgkite.ac.in/page-sitemap.xml,https://www.kgkite.ac.in/academics/departments/electronics-and-communication-engineering/peos-pos-psos/,2025-10-16T03:41:36.410233
https://www.kgkite.ac.in/page-sitemap.xml,https://www.kgkite.ac.in/academics/departments/electronics-and-communication-engineering/vision-mission/,2025-10-16T03:41:36.410236
https://www.kgkite.ac.in/page-sitemap.xml,https://www.kgkite.ac.in/academics/departments/information-technology/it-courses-offered/,2025-10-16T03:41:36.410239
https://www.kgkite.ac.in/page-sitemap.xml,https://www.kgkite.ac.in/academics/departments/computer-science-and-engineering/achievements/faculty-achievements/,2025-10-16T03:41:36.410242
https://www.kgkite.ac.in/page-sitemap.xml,https://www.kgkite.ac.in/academics/departments/computer-science-and-engineering/achievements/student-achievements/,2025-10-16T03:41:36.410245
https://www.kgkite.ac.in/page-sitemap.xml,https://www.kgkite.ac.in/funding-activities/,2025-10-16T03:41:36.410248
https://www.kgkite.ac.in/page-sitemap.xml,https://www.kgkite.ac.in/ongoing-and-completed-research-projects/,2025-10-16T03:41:36.410251
https://www.kgkite.ac.in/page-sitemap.xml,https://www.kgkite.ac.in/academics/departments/computer-science-and-engineering/peos-pos-psos/,2025-10-16T03:41:36.410254
https://www.kgkite.ac.in/page-sitemap.xml,https://www.kgkite.ac.in/academics/departments/computer-science-and-engineering/vision-mission/,2025-10-16T03:41:36.410259
https://www.kgkite.ac.in/page-sitemap.xml,https://www.kgkite.ac.in/academics/departments/computer-science-and-engineering/regulations-curriculum/,2025-10-16T03:41:36.410262
https://www.kgkite.ac.in/page-sitemap.xml,https://www.kgkite.ac.in/academics/departments/computer-science-and-engineering/courses-offered/,2025-10-16T03:41:36.410265
https://www.kgkite.ac.in/page-sitemap.xml,https://www.kgkite.ac.in/academics/departments/computer-science-and-engineering/facilities/,2025-10-16T03:41:36.410268
https://www.kgkite.ac.in/page-sitemap.xml,https://www.kgkite.ac.in/academics/departments/computer-science-and-engineering/value-added-courses/,2025-10-16T03:41:36.410271
https://www.kgkite.ac.in/page-sitemap.xml,https://www.kgkite.ac.in/academics/departments/computer-science-and-engineering/placements/,2025-10-16T03:41:36.410274
https://www.kgkite.ac.in/page-sitemap.xml,https://www.kgkite.ac.in/academics/departments/computer-science-and-engineering/achievements/,2025-10-16T03:41:36.410277
https://www.kgkite.ac.in/page-sitemap.xml,https://www.kgkite.ac.in/academics/departments/computer-science-and-engineering/mous/,2025-10-16T03:41:36.410281
https://www.kgkite.ac.in/page-sitemap.xml,https://www.kgkite.ac.in/academics/departments/computer-science-and-engineering/events-organized/,2025-10-16T03:41:36.410283
https://www.kgkite.ac.in/page-sitemap.xml,https://www.kgkite.ac.in/academics/departments/computer-science-and-engineering/clubs-and-association/,2025-10-16T03:41:36.410286
https://www.kgkite.ac.in/page-sitemap.xml,https://www.kgkite.ac.in/academics/departments/computer-science-and-engineering/gallery/,2025-10-16T03:41:36.410289
https://www.kgkite.ac.in/page-sitemap.xml,https://www.kgkite.ac.in/academics/departments/computer-science-and-engineering/about-department/,2025-10-16T03:41:36.410292
https://www.kgkite.ac.in/page-sitemap.xml,https://www.kgkite.ac.in/placements/about-the-training-and-placement/,2025-10-16T03:41:36.410295
https://www.kgkite.ac.in/page-sitemap.xml,https://www.kgkite.ac.in/patents-generated/,2025-10-16T03:41:36.410298
https://www.kgkite.ac.in/page-sitemap.xml,https://www.kgkite.ac.in/placements/training-and-placement-process/,2025-10-16T03:41:36.410301
https://www.kgkite.ac.in/page-sitemap.xml,https://www.kgkite.ac.in/clubs-and-cells/professional-society/indian-welding-society-iws/,2025-10-16T03:41:36.410304
https://www.kgkite.ac.in/page-sitemap.xml,https://www.kgkite.ac.in/clubs-and-cells/professional-society/ie/,2025-10-16T03:41:36.410307
https://www.kgkite.ac.in/page-sitemap.xml,https://www.kgkite.ac.in/clubs-and-cells/professional-society/,2025-10-16T03:41:36.410310
https://www.kgkite.ac.in/page-sitemap.xml,https://www.kgkite.ac.in/clubs-and-cells/ict-3/,2025-10-16T03:41:36.410313
https://www.kgkite.ac.in/page-sitemap.xml,https://www.kgkite.ac.in/cii/nisp/state-policy-of-tamilnadu-government-2018-2023/,2025-10-16T03:41:36.410316
https://www.kgkite.ac.in/page-sitemap.xml,https://www.kgkite.ac.in/cii/nisp/state-policy-of-tamilnadu-government-2023/,2025-10-16T03:41:36.410319
https://www.kgkite.ac.in/page-sitemap.xml,https://www.kgkite.ac.in/cii/nisp/nisp-policy/,2025-10-16T03:41:36.410322
https://www.kgkite.ac.in/page-sitemap.xml,https://www.kgkite.ac.in/cii/nisp/nisp-startup-policy/,2025-10-16T03:41:36.410324
https://www.kgkite.ac.in/page-sitemap.xml,https://www.kgkite.ac.in/cii/nisp/,2025-10-16T03:41:36.410327
https://www.kgkite.ac.in/page-sitemap.xml,https://www.kgkite.ac.in/cii/kite-iic/,2025-10-16T03:41:36.410331
https://www.kgkite.ac.in/page-sitemap.xml,https://www.kgkite.ac.in/campus-life/student-feedback/,2025-10-16T03:41:36.410334
https://www.kgkite.ac.in/page-sitemap.xml,https://www.kgkite.ac.in/about-us/careers/,2025-10-16T03:41:36.410339
https://www.kgkite.ac.in/page-sitemap.xml,https://www.kgkite.ac.in/alumni/,2025-10-16T03:41:36.410342
https://www.kgkite.ac.in/page-sitemap.xml,https://www.kgkite.ac.in/about-us/press-release/,2025-10-16T03:41:36.410345
https://www.kgkite.ac.in/page-sitemap.xml,https://www.kgkite.ac.in/about-us/hr-directory/,2025-10-16T03:41:36.410348
https://www.kgkite.ac.in/page-sitemap.xml,https://www.kgkite.ac.in/about-us/vision-mission/,2025-10-16T03:41:36.410351
https://www.kgkite.ac.in/page-sitemap.xml,https://www.kgkite.ac.in/about-us/quality-policy/,2025-10-16T03:41:36.410354
https://www.kgkite.ac.in/page-sitemap.xml,https://www.kgkite.ac.in/clubs-and-cells/professional-society/iete/,2025-10-16T03:41:36.410360
https://www.kgkite.ac.in/page-sitemap.xml,https://www.kgkite.ac.in/clubs-and-cells/professional-society/csi/,2025-10-16T03:41:36.410363
https://www.kgkite.ac.in/page-sitemap.xml,https://www.kgkite.ac.in/academics/departments/information-technology/association/,2025-10-16T03:41:36.410369
https://www.kgkite.ac.in/page-sitemap.xml,https://www.kgkite.ac.in/academics/programmes/ph-d-programmes/,2025-10-16T03:41:36.410374
https://www.kgkite.ac.in/page-sitemap.xml,https://www.kgkite.ac.in/placements/,2025-10-16T03:41:36.410379
https://www.kgkite.ac.in/page-sitemap.xml,https://www.kgkite.ac.in/academics/departments/information-technology/e-newsletter/,2025-10-16T03:41:36.410384
https://www.kgkite.ac.in/page-sitemap.xml,https://www.kgkite.ac.in/academics/departments/information-technology/gallery/,2025-10-16T03:41:36.410389
https://www.kgkite.ac.in/page-sitemap.xml,https://www.kgkite.ac.in/academics/departments/information-technology/achievements/student-achievements/,2025-10-16T03:41:36.410394
https://www.kgkite.ac.in/page-sitemap.xml,https://www.kgkite.ac.in/alumni/gallery/,2025-10-16T03:41:36.410399
https://www.kgkite.ac.in/page-sitemap.xml,https://www.kgkite.ac.in/research-fellowship/,2025-10-16T03:41:36.410404
https://www.kgkite.ac.in/page-sitemap.xml,https://www.kgkite.ac.in/conference-and-book/,2025-10-16T03:41:36.410408
https://www.kgkite.ac.in/page-sitemap.xml,https://www.kgkite.ac.in/campus-life/transport/,2025-10-16T03:41:36.410413
https://www.kgkite.ac.in/page-sitemap.xml,https://www.kgkite.ac.in/clubs-and-cells/professional-society/iste/,2025-10-16T03:41:36.410417
https://www.kgkite.ac.in/page-sitemap.xml,https://www.kgkite.ac.in/campus-life/physical-education/,2025-10-16T03:41:36.410421
https://www.kgkite.ac.in/page-sitemap.xml,https://www.kgkite.ac.in/clubs-and-cells/ict-3/teach-for-all/,2025-10-16T03:41:36.410425
https://www.kgkite.ac.in/page-sitemap.xml,https://www.kgkite.ac.in/clubs-and-cells/ict-3/teach-for-all/student-partcipation-orders/,2025-10-16T03:41:36.410428
https://www.kgkite.ac.in/page-sitemap.xml,https://www.kgkite.ac.in/clubs-and-cells/ict-3/teach-for-all/sanction-orders/,2025-10-16T03:41:36.410431
https://www.kgkite.ac.in/page-sitemap.xml,https://www.kgkite.ac.in/clubs-and-cells/ict-3/teach-for-all/photos/,2025-10-16T03:41:36.410433
https://www.kgkite.ac.in/page-sitemap.xml,https://www.kgkite.ac.in/clubs-and-cells/ict-3/faculty-participation/,2025-10-16T03:41:36.410437
https://www.kgkite.ac.in/page-sitemap.xml,https://www.kgkite.ac.in/clubs-and-cells/ict-3/faculty-participation/non-teaching-staff/,2025-10-16T03:41:36.410440
https://www.kgkite.ac.in/page-sitemap.xml,https://www.kgkite.ac.in/clubs-and-cells/ict-3/faculty-participation/teaching-staff/,2025-10-16T03:41:36.410442
https://www.kgkite.ac.in/page-sitemap.xml,https://www.kgkite.ac.in/clubs-and-cells/ict-3/book-donation-camp/,2025-10-16T03:41:36.410446
https://www.kgkite.ac.in/page-sitemap.xml,https://www.kgkite.ac.in/cii/incubation-lab/,2025-10-16T03:41:36.410449
https://www.kgkite.ac.in/page-sitemap.xml,https://www.kgkite.ac.in/guest-lecture-program/,2025-10-16T03:41:36.410452
https://www.kgkite.ac.in/page-sitemap.xml,https://www.kgkite.ac.in/engineers-day/,2025-10-16T03:41:36.410455
https://www.kgkite.ac.in/page-sitemap.xml,https://www.kgkite.ac.in/quiz-competition/,2025-10-16T03:41:36.410458
https://www.kgkite.ac.in/page-sitemap.xml,https://www.kgkite.ac.in/national-library-celebration/,2025-10-16T03:41:36.410460
https://www.kgkite.ac.in/page-sitemap.xml,https://www.kgkite.ac.in/central-library-national-digital-library-of-india-ndli-organized/,2025-10-16T03:41:36.410463
https://www.kgkite.ac.in/page-sitemap.xml,https://www.kgkite.ac.in/ndli-club-events/,2025-10-16T03:41:36.410466
https://www.kgkite.ac.in/page-sitemap.xml,https://www.kgkite.ac.in/cii/innovation-labs/,2025-10-16T03:41:36.410469
https://www.kgkite.ac.in/page-sitemap.xml,https://www.kgkite.ac.in/world-book-day-pledge/,2025-10-16T03:41:36.410472
https://www.kgkite.ac.in/page-sitemap.xml,https://www.kgkite.ac.in/first-year-orientation-program/,2025-10-16T03:41:36.410478
https://www.kgkite.ac.in/page-sitemap.xml,https://www.kgkite.ac.in/book-donation-camp/,2025-10-16T03:41:36.410481
https://www.kgkite.ac.in/page-sitemap.xml,https://www.kgkite.ac.in/clubs-and-cells/women-empowerment-cell/,2025-10-16T03:41:36.410484
https://www.kgkite.ac.in/page-sitemap.xml,https://www.kgkite.ac.in/cii/skill-labs/,2025-10-16T03:41:36.410487
https://www.kgkite.ac.in/page-sitemap.xml,https://www.kgkite.ac.in/cloud-and-devops/,2025-10-16T03:41:36.410490
https://www.kgkite.ac.in/page-sitemap.xml,https://www.kgkite.ac.in/academics/programmes/pg-programmes/,2025-10-16T03:41:36.410493
https://www.kgkite.ac.in/page-sitemap.xml,https://www.kgkite.ac.in/admission/scholarship/,2025-10-16T03:41:36.410496
https://www.kgkite.ac.in/page-sitemap.xml,https://www.kgkite.ac.in/iso/,2025-10-16T03:41:36.410499
https://www.kgkite.ac.in/page-sitemap.xml,https://www.kgkite.ac.in/campus-life/,2025-10-16T03:41:36.410502
https://www.kgkite.ac.in/page-sitemap.xml,https://www.kgkite.ac.in/campus-life/learning-management-system/,2025-10-16T03:41:36.410505
https://www.kgkite.ac.in/page-sitemap.xml,https://www.kgkite.ac.in/clubs-and-cells/professional-society/csi/csi-events/,2025-10-16T03:41:36.410508
https://www.kgkite.ac.in/page-sitemap.xml,https://www.kgkite.ac.in/cii/,2025-10-16T03:41:36.410511
https://www.kgkite.ac.in/page-sitemap.xml,https://www.kgkite.ac.in/research/research-centres/,2025-10-16T03:41:36.410514
https://www.kgkite.ac.in/page-sitemap.xml,https://www.kgkite.ac.in/iete-inauguration/,2025-10-16T03:41:36.410517
https://www.kgkite.ac.in/page-sitemap.xml,https://www.kgkite.ac.in/library/photo-gallery/,2025-10-16T03:41:36.410520
https://www.kgkite.ac.in/page-sitemap.xml,https://www.kgkite.ac.in/industry-interaction-interface/industry-institute-interface-cell-iiic/,2025-10-16T03:41:36.410523
https://www.kgkite.ac.in/page-sitemap.xml,https://www.kgkite.ac.in/academic-year-wise-aicte-approval-letters/,2025-10-16T03:41:36.410526
https://www.kgkite.ac.in/page-sitemap.xml,https://www.kgkite.ac.in/nba/,2025-10-16T03:41:36.410529
https://www.kgkite.ac.in/page-sitemap.xml,https://www.kgkite.ac.in/industry-interaction-interface/,2025-10-16T03:41:36.410532
https://www.kgkite.ac.in/page-sitemap.xml,https://www.kgkite.ac.in/campus-life/infrastructure/,2025-10-16T03:41:36.410535
https://www.kgkite.ac.in/page-sitemap.xml,https://www.kgkite.ac.in/campus-life/amenities/,2025-10-16T03:41:36.410537
https://www.kgkite.ac.in/page-sitemap.xml,https://www.kgkite.ac.in/industry-interaction-interface/innovation-and-incubation-cell/incubation-center/,2025-10-16T03:41:36.410540
https://www.kgkite.ac.in/page-sitemap.xml,https://www.kgkite.ac.in/industry-interaction-interface/innovation-and-incubation-cell/kgx/,2025-10-16T03:41:36.410546
https://www.kgkite.ac.in/page-sitemap.xml,https://www.kgkite.ac.in/industry-interaction-interface/innovation-and-incubation-cell/metazord/,2025-10-16T03:41:36.410549
https://www.kgkite.ac.in/page-sitemap.xml,https://www.kgkite.ac.in/library/audio-visual-section/,2025-10-16T03:41:36.410552
https://www.kgkite.ac.in/page-sitemap.xml,https://www.kgkite.ac.in/anna-university-regulation/,2025-10-16T03:41:36.410555
https://www.kgkite.ac.in/page-sitemap.xml,https://www.kgkite.ac.in/library/book-lending-services/,2025-10-16T03:41:36.410558
https://www.kgkite.ac.in/page-sitemap.xml,https://www.kgkite.ac.in/library/library-sections/,2025-10-16T03:41:36.410563
https://www.kgkite.ac.in/page-sitemap.xml,https://www.kgkite.ac.in/library/rules-and-regulations/,2025-10-16T03:41:36.410566
https://www.kgkite.ac.in/page-sitemap.xml,https://www.kgkite.ac.in/screen-reader-access-link/,2025-10-16T03:41:36.410569
https://www.kgkite.ac.in/page-sitemap.xml,https://www.kgkite.ac.in/capacity-building/,2025-10-16T03:41:36.410572
https://www.kgkite.ac.in/page-sitemap.xml,https://www.kgkite.ac.in/library/library-services/,2025-10-16T03:41:36.410575
https://www.kgkite.ac.in/page-sitemap.xml,https://www.kgkite.ac.in/library/,2025-10-16T03:41:36.410582
https://www.kgkite.ac.in/page-sitemap.xml,https://www.kgkite.ac.in/academics/departments/civil-engineering/faculty/,2025-10-16T03:41:36.410585
https://www.kgkite.ac.in/page-sitemap.xml,https://www.kgkite.ac.in/list-of-faculty-members/,2025-10-16T03:41:36.410588
https://www.kgkite.ac.in/page-sitemap.xml,https://www.kgkite.ac.in/statutory-declaration-rti-act/,2025-10-16T03:41:36.410591
https://www.kgkite.ac.in/page-sitemap.xml,https://www.kgkite.ac.in/clubs-and-cells/tamil-mandram/,2025-10-16T03:41:36.410594
https://www.kgkite.ac.in/page-sitemap.xml,https://www.kgkite.ac.in/techozric/,2025-10-16T03:41:36.410597
https://www.kgkite.ac.in/page-sitemap.xml,https://www.kgkite.ac.in/nceeict/,2025-10-16T03:41:36.410600
https://www.kgkite.ac.in/page-sitemap.xml,https://www.kgkite.ac.in/ariia/,2025-10-16T03:41:36.410603
https://www.kgkite.ac.in/page-sitemap.xml,https://www.kgkite.ac.in/about-us/,2025-10-16T03:41:36.410606
https://www.kgkite.ac.in/page-sitemap.xml,https://www.kgkite.ac.in/academics/vision-mission/,2025-10-16T03:41:36.410609
https://www.kgkite.ac.in/page-sitemap.xml,https://www.kgkite.ac.in/academics/departments/information-technology/,2025-10-16T03:41:36.410612
https://www.kgkite.ac.in/page-sitemap.xml,https://www.kgkite.ac.in/academics/departments/masters-in-business-administration/,2025-10-16T03:41:36.410614
https://www.kgkite.ac.in/page-sitemap.xml,https://www.kgkite.ac.in/academics/departments/mechanical-engineering/,2025-10-16T03:41:36.410617
https://www.kgkite.ac.in/page-sitemap.xml,https://www.kgkite.ac.in/academics/departments/electronics-and-communication-engineering/,2025-10-16T03:41:36.410620
https://www.kgkite.ac.in/page-sitemap.xml,https://www.kgkite.ac.in/academics/departments/artificial-intelligence-data-science/,2025-10-16T03:41:36.410623
https://www.kgkite.ac.in/page-sitemap.xml,https://www.kgkite.ac.in/academics/departments/computer-science-and-business-systems/,2025-10-16T03:41:36.410626
https://www.kgkite.ac.in/page-sitemap.xml,https://www.kgkite.ac.in/academics/departments/computer-science-and-engineering/,2025-10-16T03:41:36.410629
https://www.kgkite.ac.in/page-sitemap.xml,https://www.kgkite.ac.in/academics/programmes/,2025-10-16T03:41:36.410632
https://www.kgkite.ac.in/page-sitemap.xml,https://www.kgkite.ac.in/academics/departments/,2025-10-16T03:41:36.410635
https://www.kgkite.ac.in/page-sitemap.xml,https://www.kgkite.ac.in/kite-explorer-the-weekly-e-magazine-april-2021-vol-4-issue-1/,2025-10-16T03:41:36.410638
https://www.kgkite.ac.in/page-sitemap.xml,https://www.kgkite.ac.in/coes/cambridge/,2025-10-16T03:41:36.410641
https://www.kgkite.ac.in/page-sitemap.xml,https://www.kgkite.ac.in/coes/rpa/,2025-10-16T03:41:36.410644
https://www.kgkite.ac.in/page-sitemap.xml,https://www.kgkite.ac.in/about-us/about-kite/,2025-10-16T03:41:36.410647
https://www.kgkite.ac.in/page-sitemap.xml,https://www.kgkite.ac.in/academics/,2025-10-16T03:41:36.410650
https://www.kgkite.ac.in/page-sitemap.xml,https://www.kgkite.ac.in/placements/testimonials/,2025-10-16T03:41:36.410653
https://www.kgkite.ac.in/page-sitemap.xml,https://www.kgkite.ac.in/admission-enquiry-form/,2025-10-16T03:41:36.410656
https://www.kgkite.ac.in/page-sitemap.xml,https://www.kgkite.ac.in/news-events/,2025-10-16T03:41:36.410658
https://www.kgkite.ac.in/page-sitemap.xml,https://www.kgkite.ac.in/clubs-and-cells/,2025-10-16T03:41:36.410661
https://www.kgkite.ac.in/page-sitemap.xml,https://www.kgkite.ac.in/learning-resources/,2025-10-16T03:41:36.410664
https://www.kgkite.ac.in/page-sitemap.xml,https://www.kgkite.ac.in/anna-university-announcements/,2025-10-16T03:41:36.410667
https://www.kgkite.ac.in/page-sitemap.xml,https://www.kgkite.ac.in/kite-coe/,2025-10-16T03:41:36.410670
https://www.kgkite.ac.in/page-sitemap.xml,https://www.kgkite.ac.in/grievance-redressal-committee/,2025-10-16T03:41:36.410674
https://www.kgkite.ac.in/page-sitemap.xml,https://www.kgkite.ac.in/internal-quality-assurance-cell/,2025-10-16T03:41:36.410724
https://www.kgkite.ac.in/page-sitemap.xml,https://www.kgkite.ac.in/governing-council/,2025-10-16T03:41:36.410727
https://www.kgkite.ac.in/page-sitemap.xml,https://www.kgkite.ac.in/iqac/,2025-10-16T03:41:36.410730
https://www.kgkite.ac.in/page-sitemap.xml,https://www.kgkite.ac.in/coes/,2025-10-16T03:41:36.410733
https://www.kgkite.ac.in/news-and-event-sitemap.xml,https://www.kgkite.ac.in/news-and-event/celebrating-success-kite-graduation-day-2024/,2025-10-16T03:41:37.520591
https://www.kgkite.ac.in/news-and-event-sitemap.xml,https://www.kgkite.ac.in/news-and-event/aws-deepracer-3-0-is-back/,2025-10-16T03:41:37.520624
https://www.kgkite.ac.in/news-and-event-sitemap.xml,https://www.kgkite.ac.in/news-and-event/centenary-year-celebration-of-kg-foundation-and-golden-jubilee-of-kg-hospital/,2025-10-16T03:41:37.520630
https://www.kgkite.ac.in/news-and-event-sitemap.xml,https://www.kgkite.ac.in/news-and-event/faculty-development-programme-of-universal-human-values-cdio-hall-june-18-to-20/,2025-10-16T03:41:37.520636
https://www.kgkite.ac.in/news-and-event-sitemap.xml,https://www.kgkite.ac.in/news-and-event/pointer-camp-2k24/,2025-10-16T03:41:37.520649
https://www.kgkite.ac.in/news-and-event-sitemap.xml,https://www.kgkite.ac.in/news-and-event/national-conference-on-recent-explorations-in-science-engineering-and-technology-ncreset-24/,2025-10-16T03:41:37.520655
https://www.kgkite.ac.in/news-and-event-sitemap.xml,https://www.kgkite.ac.in/news-and-event/announcing-kgisl-edus-sports-quota-admissions-2024-25/,2025-10-16T03:41:37.520661
https://www.kgkite.ac.in/news-and-event-sitemap.xml,https://www.kgkite.ac.in/news-and-event/annual-day-2024-on-april-12-2024/,2025-10-16T03:41:37.520666
https://www.kgkite.ac.in/news-and-event-sitemap.xml,https://www.kgkite.ac.in/news-and-event/one-day-national-conference-on-recent-advances-in-basic-science-and-humanities/,2025-10-16T03:41:37.520673
https://www.kgkite.ac.in/news-and-event-sitemap.xml,https://www.kgkite.ac.in/news-and-event/odyssey-24-on-03-04-2024/,2025-10-16T03:41:37.520679
https://www.kgkite.ac.in/news-and-event-sitemap.xml,https://www.kgkite.ac.in/news-and-event/iyuktha24-cultural-extravaganza-on-23-03-2024/,2025-10-16T03:41:37.520687
https://www.kgkite.ac.in/news-and-event-sitemap.xml,https://www.kgkite.ac.in/news-and-event/congratulations-to-students-on-securing-placements-at-thozhil-with-a-stellar-salary-package-of-12-lpa/,2025-10-16T03:41:37.520694
https://www.kgkite.ac.in/news-and-event-sitemap.xml,https://www.kgkite.ac.in/news-and-event/celebrating-runner-up-victory-at-the-tournament/,2025-10-16T03:41:37.520698
https://www.kgkite.ac.in/news-and-event-sitemap.xml,https://www.kgkite.ac.in/news-and-event/future-mobility-technology-center-at-kgisl-institute-of-technology-marking-a-groundbreaking-collaboration-with-thoughtworks/,2025-10-16T03:41:37.520701
https://www.kgkite.ac.in/news-and-event-sitemap.xml,https://www.kgkite.ac.in/news-and-event/graduation-day-ceremony-scheduled-for-11th-february-2024/,2025-10-16T03:41:37.520705
https://www.kgkite.ac.in/news-and-event-sitemap.xml,https://www.kgkite.ac.in/news-and-event/kite-and-fuzionest-partner-for-knowledge-exchange/,2025-10-16T03:41:37.520708
https://www.kgkite.ac.in/news-and-event-sitemap.xml,https://www.kgkite.ac.in/news-and-event/9333/,2025-10-16T03:41:37.520711
https://www.kgkite.ac.in/news-and-event-sitemap.xml,https://www.kgkite.ac.in/news-and-event/celebrating-the-achievement-students-secure-impressive-12-lpa-packages-with-blitzwork/,2025-10-16T03:41:37.520715
https://www.kgkite.ac.in/news-and-event-sitemap.xml,https://www.kgkite.ac.in/news-and-event/legacy-of-excellence-dr-ashok-bakthavathsalams-journey-to-a-lifetime-achievement-award/,2025-10-16T03:41:37.520718
https://www.kgkite.ac.in/news-and-event-sitemap.xml,https://www.kgkite.ac.in/news-and-event/congratulations-to-team-shadow-techz23/,2025-10-16T03:41:37.520721
https://www.kgkite.ac.in/news-and-event-sitemap.xml,https://www.kgkite.ac.in/news-and-event/faculty-development-program/,2025-10-16T03:41:37.520724
https://www.kgkite.ac.in/news-and-event-sitemap.xml,https://www.kgkite.ac.in/news-and-event/kite-iic-elevating-innovation-excellence-and-emerging-as-a-trailblazer-in-the-game/,2025-10-16T03:41:37.520728
https://www.kgkite.ac.in/news-and-event-sitemap.xml,https://www.kgkite.ac.in/news-and-event/congratulations-ms-n-pradeepa/,2025-10-16T03:41:37.520731
https://www.kgkite.ac.in/news-and-event-sitemap.xml,https://www.kgkite.ac.in/news-and-event/intel-oneapi-cloud-bootcamp/,2025-10-16T03:41:37.520735
https://www.kgkite.ac.in/news-and-event-sitemap.xml,https://www.kgkite.ac.in/news-and-event/congrats-to-our-bright-minds-intel-one-api-student-ambassadors-2023/,2025-10-16T03:41:37.520738
https://www.kgkite.ac.in/news-and-event-sitemap.xml,https://www.kgkite.ac.in/news-and-event/genesis-2023/,2025-10-16T03:41:37.520741
https://www.kgkite.ac.in/news-and-event-sitemap.xml,https://www.kgkite.ac.in/news-and-event/one-week-faculty-development-program-fdp-sponsored-by-aicte-atal-academy/,2025-10-16T03:41:37.520744
https://www.kgkite.ac.in/news-and-event-sitemap.xml,https://www.kgkite.ac.in/news-and-event/kite-one-of-the-top-engineering-colleges-in-india-career-360/,2025-10-16T03:41:37.520748
https://www.kgkite.ac.in/news-and-event-sitemap.xml,https://www.kgkite.ac.in/news-and-event/congratulations-to-the-winners-2/,2025-10-16T03:41:37.520755
https://www.kgkite.ac.in/news-and-event-sitemap.xml,https://www.kgkite.ac.in/news-and-event/congratulations-to-the-winners/,2025-10-16T03:41:37.520758
https://www.kgkite.ac.in/news-and-event-sitemap.xml,https://www.kgkite.ac.in/news-and-event/aids-students-secure-runner-up-at-sustainable-future-hackathon/,2025-10-16T03:41:37.520762
https://www.kgkite.ac.in/news-and-event-sitemap.xml,https://www.kgkite.ac.in/news-and-event/internal-hackathon-for-smart-india-hackathon-2023/,2025-10-16T03:41:37.520765
https://www.kgkite.ac.in/news-and-event-sitemap.xml,https://www.kgkite.ac.in/news-and-event/mega-job-fair-2023/,2025-10-16T03:41:37.520768
https://www.kgkite.ac.in/news-and-event-sitemap.xml,https://www.kgkite.ac.in/news-and-event/annual-day-2023/,2025-10-16T03:41:37.520772
https://www.kgkite.ac.in/news-and-event-sitemap.xml,https://www.kgkite.ac.in/news-and-event/fourth-edition-of-smt-divyalakshmi-awards/,2025-10-16T03:41:37.520775
https://www.kgkite.ac.in/news-and-event-sitemap.xml,https://www.kgkite.ac.in/news-and-event/hackshop2expo/,2025-10-16T03:41:37.520778
https://www.kgkite.ac.in/news-and-event-sitemap.xml,https://www.kgkite.ac.in/news-and-event/kgisl-educational-institutions-celebrates-a-kindathon-on-7th-january-2023/,2025-10-16T03:41:37.520781
https://www.kgkite.ac.in/news-and-event-sitemap.xml,https://www.kgkite.ac.in/news-and-event/mega-job-fair-2022/,2025-10-16T03:41:37.520785
https://www.kgkite.ac.in/news-and-event-sitemap.xml,https://www.kgkite.ac.in/news-and-event/student-champions-in-uipath/,2025-10-16T03:41:37.520788
https://www.kgkite.ac.in/news-and-event-sitemap.xml,https://www.kgkite.ac.in/news-and-event/kg-hack-fest22/,2025-10-16T03:41:37.520791
https://www.kgkite.ac.in/news-and-event-sitemap.xml,https://www.kgkite.ac.in/news-and-event/extramural-lecture-series-student-edition/,2025-10-16T03:41:37.520799
https://www.kgkite.ac.in/news-and-event-sitemap.xml,https://www.kgkite.ac.in/news-and-event/1st-international-conference-on-contemporary-progress-in-engineering-technology-date-25-26-june-2022/,2025-10-16T03:41:37.520802
https://www.kgkite.ac.in/news-and-event-sitemap.xml,https://www.kgkite.ac.in/news-and-event/csir-sponsored-two-days-national-seminar/,2025-10-16T03:41:37.520806
https://www.kgkite.ac.in/news-and-event-sitemap.xml,https://www.kgkite.ac.in/news-and-event/smart-india-hackathon-2022/,2025-10-16T03:41:37.520809
https://www.kgkite.ac.in/news-and-event-sitemap.xml,https://www.kgkite.ac.in/news-and-event/six-days-international-tech-talk-series/,2025-10-16T03:41:37.520812
https://www.kgkite.ac.in/news-and-event-sitemap.xml,https://www.kgkite.ac.in/news-and-event/3204/,2025-10-16T03:41:37.520815
https://www.kgkite.ac.in/news-and-event-sitemap.xml,https://www.kgkite.ac.in/news-and-event/aws-deepracer-physical-track-launched/,2025-10-16T03:41:37.520819
https://www.kgkite.ac.in/news-and-event-sitemap.xml,https://www.kgkite.ac.in/news-and-event/five-day-online-faculty-development-programme/,2025-10-16T03:41:37.520822
https://www.kgkite.ac.in/news-and-event-sitemap.xml,https://www.kgkite.ac.in/news-and-event/cse-ai-departments-partners-up-with-novitech/,2025-10-16T03:41:37.520825
https://www.kgkite.ac.in/news-and-event-sitemap.xml,https://www.kgkite.ac.in/news-and-event/cse-it-and-ai-ds-departments-partners-with-gateway-software-solutions/,2025-10-16T03:41:37.520828
https://www.kgkite.ac.in/news-and-event-sitemap.xml,https://www.kgkite.ac.in/news-and-event/three-students-selected-for-university-tournaments-women/,2025-10-16T03:41:37.520831
https://www.kgkite.ac.in/news-and-event-sitemap.xml,https://www.kgkite.ac.in/news-and-event/blood-donation-camp/,2025-10-16T03:41:37.520835
https://www.kgkite.ac.in/news-and-event-sitemap.xml,https://www.kgkite.ac.in/news-and-event/kite-partners-up-with-eurocast-engineering/,2025-10-16T03:41:37.520838
https://www.kgkite.ac.in/news-and-event-sitemap.xml,https://www.kgkite.ac.in/news-and-event/tree-planting-activity/,2025-10-16T03:41:37.520841
https://www.kgkite.ac.in/news-and-event-sitemap.xml,https://www.kgkite.ac.in/news-and-event/two-1st-year-ece-students-clinch-3rd-prize-at-bits-epikoinonia-national-ideathon/,2025-10-16T03:41:37.520844
https://www.kgkite.ac.in/news-and-event-sitemap.xml,https://www.kgkite.ac.in/news-and-event/kite-partners-up-with-i4c-to-conduct-national-hackathons/,2025-10-16T03:41:37.520851
https://www.kgkite.ac.in/news-and-event-sitemap.xml,https://www.kgkite.ac.in/news-and-event/students-develop-innovative-projects-with-components-from-the-rd-cell/,2025-10-16T03:41:37.520858
https://www.kgkite.ac.in/news-and-event-sitemap.xml,https://www.kgkite.ac.in/news-and-event/ece-department-is-organizing-the-atal-faculty-development-program/,2025-10-16T03:41:37.520862
https://www.kgkite.ac.in/blog-sitemap.xml,https://www.kgkite.ac.in/blog/role-ai-learning-engineering-education/,2025-10-16T03:41:38.617507
https://www.kgkite.ac.in/blog-sitemap.xml,https://www.kgkite.ac.in/blog/smt-divyalakshmi-awards-and-kindathon-2025/,2025-10-16T03:41:38.617533
https://www.kgkite.ac.in/blog-sitemap.xml,https://www.kgkite.ac.in/blog/kite-achieves-autonomous-status-a-new-milestone/,2025-10-16T03:41:38.617539
https://www.kgkite.ac.in/blog-sitemap.xml,https://www.kgkite.ac.in/blog/faculty-development-programme-of-universal-human-values-cdio-hall-june-18-to-20/,2025-10-16T03:41:38.617544
https://www.kgkite.ac.in/blog-sitemap.xml,https://www.kgkite.ac.in/blog/celebrating-excellence-kgisl-institute-of-technology-attains-naac-accreditation-with-a-grade/,2025-10-16T03:41:38.617548
https://www.kgkite.ac.in/blog-sitemap.xml,https://www.kgkite.ac.in/blog/kindathon-2024/,2025-10-16T03:41:38.617552
https://www.kgkite.ac.in/blog-sitemap.xml,https://www.kgkite.ac.in/blog/5th-edition-of-smt-divyalakshmi-awards-on-03-3-2024/,2025-10-16T03:41:38.617556
https://www.kgkite.ac.in/blog-sitemap.xml,https://www.kgkite.ac.in/blog/kgisl-educational-institutions-is-now-great-place-to-work-certified/,2025-10-16T03:41:38.617561
https://www.kgkite.ac.in/blog-sitemap.xml,https://www.kgkite.ac.in/blog/thoughtworks-signs-mou-with-kgisl-institute-of-technology-to-develop-mobility-center-for-driving-cutting-edge-research-in-software-defined-vehicles/,2025-10-16T03:41:38.617566
https://www.kgkite.ac.in/blog-sitemap.xml,https://www.kgkite.ac.in/blog/meritorious-school-awards-2024/,2025-10-16T03:41:38.617570
https://www.kgkite.ac.in/blog-sitemap.xml,https://www.kgkite.ac.in/blog/pongal-special-podcast/,2025-10-16T03:41:38.617575
https://www.kgkite.ac.in/blog-sitemap.xml,https://www.kgkite.ac.in/blog/kgisl-trust-certified-as-great-place-to-work/,2025-10-16T03:41:38.617580
https://www.kgkite.ac.in/blog-sitemap.xml,https://www.kgkite.ac.in/blog/podcast-episode-2-a-deep-dive-into-the-mission-to-study-black-holes-from-space/,2025-10-16T03:41:38.617585
https://www.kgkite.ac.in/blog-sitemap.xml,https://www.kgkite.ac.in/blog/best-engineering-college-in-coimbatore-in-terms-of-facilities-and-placement/,2025-10-16T03:41:38.617591
https://www.kgkite.ac.in/blog-sitemap.xml,https://www.kgkite.ac.in/blog/thoughtworks-visit-to-kgisl-institute-of-technology/,2025-10-16T03:41:38.617596
https://www.kgkite.ac.in/blog-sitemap.xml,https://www.kgkite.ac.in/blog/energize-your-campus-life-with-kgisls-new-health-and-fitness-club/,2025-10-16T03:41:38.617599
https://www.kgkite.ac.in/blog-sitemap.xml,https://www.kgkite.ac.in/blog/kg-institutions-now-one-of-indias-top-100-best-workplaces-for-women/,2025-10-16T03:41:38.617602
https://www.kgkite.ac.in/blog-sitemap.xml,https://www.kgkite.ac.in/blog/mega-job-fair-2023/,2025-10-16T03:41:38.617605
https://www.kgkite.ac.in/blog-sitemap.xml,https://www.kgkite.ac.in/blog/kgisl-edu-marks-the-end-of-the-1st-month-of-2023-with-a-hat-trick-of-vibrant-events/,2025-10-16T03:41:38.617609
https://www.kgkite.ac.in/blog-sitemap.xml,https://www.kgkite.ac.in/blog/a-hackathon-to-honour-women-d-cipher/,2025-10-16T03:41:38.617612
https://www.kgkite.ac.in/blog-sitemap.xml,https://www.kgkite.ac.in/blog/25-kite-students-intern-at-ugam-a-merkle-company-as-part-of-their-campus-to-corporate-initiative/,2025-10-16T03:41:38.617616
https://www.kgkite.ac.in/blog-sitemap.xml,https://www.kgkite.ac.in/blog/pyexpo-2021/,2025-10-16T03:41:38.617619
https://www.kgkite.ac.in/blog-sitemap.xml,https://www.kgkite.ac.in/blog/smart-india-hackathon-2022-first-prize-winners/,2025-10-16T03:41:38.617622
https://www.kgkite.ac.in/blog-sitemap.xml,https://www.kgkite.ac.in/blog/nba-accreditation-it-department/,2025-10-16T03:41:38.617625
https://www.kgkite.ac.in/blog-sitemap.xml,https://www.kgkite.ac.in/blog/kite-inaugurates-ncc-sub-unit-at-kgisl-campus/,2025-10-16T03:41:38.617628
https://www.kgkite.ac.in/blog-sitemap.xml,https://www.kgkite.ac.in/blog/thirteen-brilliant-genii-bag-the-smt-divyalakshmi-scholarship-at-kite/,2025-10-16T03:41:38.617631
https://www.kgkite.ac.in/blog-sitemap.xml,https://www.kgkite.ac.in/blog/the-apple-of-rd-cells-eye/,2025-10-16T03:41:38.617634
https://www.kgkite.ac.in/blog-sitemap.xml,https://www.kgkite.ac.in/blog/at-kgisl-cse-department-is-committed-to-develop-young-minds-to-make-creative-engineers-in-industries/,2025-10-16T03:41:38.617637
https://www.kgkite.ac.in/blog-sitemap.xml,https://www.kgkite.ac.in/blog/information-technology-a-brilliant-career-choice/,2025-10-16T03:41:38.617640
https://www.kgkite.ac.in/blog-sitemap.xml,https://www.kgkite.ac.in/blog/why-should-you-choose-mechanical-engineering/,2025-10-16T03:41:38.617647
https://www.kgkite.ac.in/blog-sitemap.xml,https://www.kgkite.ac.in/blog/information-technology-an-ever-evolving-industry/,2025-10-16T03:41:38.617650
https://www.kgkite.ac.in/blog-sitemap.xml,https://www.kgkite.ac.in/blog/civil-engineering-scope-demand-future/,2025-10-16T03:41:38.617653
https://www.kgkite.ac.in/blog-sitemap.xml,https://www.kgkite.ac.in/blog/computer-engineering-meaning-significance-popularity/,2025-10-16T03:41:38.617656
https://www.kgkite.ac.in/blog-sitemap.xml,https://www.kgkite.ac.in/blog/kite-observes-computer-science-education-week-2020-csedweek2020/,2025-10-16T03:41:38.617661
https://www.kgkite.ac.in/blog-sitemap.xml,https://www.kgkite.ac.in/blog/kite-explorer-the-weekly-e-magazine-dec-2020-vol-1-issue-1/,2025-10-16T03:41:38.617664
https://www.kgkite.ac.in/blog-sitemap.xml,https://www.kgkite.ac.in/blog/kite-explorer-the-weekly-e-magazine-dec-2020-vol-1-issue-3/,2025-10-16T03:41:38.617667
https://www.kgkite.ac.in/blog-sitemap.xml,https://www.kgkite.ac.in/blog/kite-explorer-the-weekly-e-magazine-jan-2021-vol-1-issue-1/,2025-10-16T03:41:38.617670
https://www.kgkite.ac.in/blog-sitemap.xml,https://www.kgkite.ac.in/blog/kite-explorer-the-weekly-e-magazine-jan-2021-vol-1-issue-2/,2025-10-16T03:41:38.617673
https://www.kgkite.ac.in/blog-sitemap.xml,https://www.kgkite.ac.in/blog/kite-explorer-the-weekly-e-magazine-jan-2021-vol-1-issue-3/,2025-10-16T03:41:38.617676
https://www.kgkite.ac.in/blog-sitemap.xml,https://www.kgkite.ac.in/blog/kites-incubated-startup-eshikhya-launches-its-online-learning-platform/,2025-10-16T03:41:38.617679
https://www.kgkite.ac.in/blog-sitemap.xml,https://www.kgkite.ac.in/blog/kite-explorer-the-weekly-e-magazine-jan-2021-vol-1-issue-4/,2025-10-16T03:41:38.617682
https://www.kgkite.ac.in/blog-sitemap.xml,https://www.kgkite.ac.in/blog/kite-explorer-the-weekly-e-magazine-jan-2021-vol-1-issue-5/,2025-10-16T03:41:38.617685
https://www.kgkite.ac.in/blog-sitemap.xml,https://www.kgkite.ac.in/blog/kite-explorer-the-weekly-e-magazine-feb-2021-vol-2-issue-1/,2025-10-16T03:41:38.617688
https://www.kgkite.ac.in/blog-sitemap.xml,https://www.kgkite.ac.in/blog/national-conference-on-emerging-innovations-in-information-and-communication-technology-nceiict-2021/,2025-10-16T03:41:38.617691
https://www.kgkite.ac.in/blog-sitemap.xml,https://www.kgkite.ac.in/blog/5-of-kites-talents-placed-at-craftsman-automation/,2025-10-16T03:41:38.617694
https://www.kgkite.ac.in/blog-sitemap.xml,https://www.kgkite.ac.in/blog/kite-explorer-the-weekly-e-magazine-feb-2021-vol-2-issue-3/,2025-10-16T03:41:38.617697
https://www.kgkite.ac.in/blog-sitemap.xml,https://www.kgkite.ac.in/blog/kite-explorer-the-weekly-e-magazine-march-2021-vol-3-issue-1/,2025-10-16T03:41:38.617700
https://www.kgkite.ac.in/blog-sitemap.xml,https://www.kgkite.ac.in/blog/deserving-cse-professor-wins-a-token-of-appreciation-worth-rs-10000/,2025-10-16T03:41:38.617703
https://www.kgkite.ac.in/blog-sitemap.xml,https://www.kgkite.ac.in/blog/quadra-fest-2021-by-kgisl-institute-of-technology/,2025-10-16T03:41:38.617706
https://www.kgkite.ac.in/blog-sitemap.xml,https://www.kgkite.ac.in/blog/kite-explorer-the-weekly-e-magazine-march-2021-vol-3-issue-2/,2025-10-16T03:41:38.617710
https://www.kgkite.ac.in/blog-sitemap.xml,https://www.kgkite.ac.in/blog/kite-explorer-the-weekly-e-magazine-feb-2021-vol-2-issue-4/,2025-10-16T03:41:38.617715
https://www.kgkite.ac.in/blog-sitemap.xml,https://www.kgkite.ac.in/blog/kite-explorer-the-weekly-e-magazine-march-2021-vol-3-issue-3/,2025-10-16T03:41:38.617720
https://www.kgkite.ac.in/blog-sitemap.xml,https://www.kgkite.ac.in/blog/kite-hosts-the-national-conference-on-emerging-innovations-in-information-and-communication-technology-nceiict21/,2025-10-16T03:41:38.617723
https://www.kgkite.ac.in/blog-sitemap.xml,https://www.kgkite.ac.in/blog/kite-explorer-the-weekly-e-magazine-march-2021-vol-3-issue-4/,2025-10-16T03:41:38.617726
https://www.kgkite.ac.in/blog-sitemap.xml,https://www.kgkite.ac.in/blog/kite-explorer-the-weekly-e-magazine-april-2021-vol-4-issue-2/,2025-10-16T03:41:38.617729
https://www.kgkite.ac.in/blog-sitemap.xml,https://www.kgkite.ac.in/blog/kite-explorer-the-weekly-e-magazine-april-2021-vol-4-issue-3/,2025-10-16T03:41:38.617732
https://www.kgkite.ac.in/blog-sitemap.xml,https://www.kgkite.ac.in/blog/kite-explorer-the-weekly-e-magazine-april-2021-vol-4-issue-4/,2025-10-16T03:41:38.617734
https://www.kgkite.ac.in/blog-sitemap.xml,https://www.kgkite.ac.in/blog/kgisl-edu-collaborates-with-no-food-waste-during-the-lockdown-2/,2025-10-16T03:41:38.617737
https://www.kgkite.ac.in/blog-sitemap.xml,https://www.kgkite.ac.in/blog/kgisl-educational-institutions-honour-7-distinguished-women-achievers/,2025-10-16T03:41:38.617745
https://www.kgkite.ac.in/blog-sitemap.xml,https://www.kgkite.ac.in/blog/student-from-kgkite-receives-the-nod-from-google-assistant/,2025-10-16T03:41:38.617748
https://www.kgkite.ac.in/blog-sitemap.xml,https://www.kgkite.ac.in/blog/kgisl-group-contributes-rs-1-cr-to-honble-cm-thiru-mk-stalin-towards-the-cm-public-relief-fund-during-the-pandemic/,2025-10-16T03:41:38.617751
https://www.kgkite.ac.in/blog-sitemap.xml,https://www.kgkite.ac.in/blog/quarantine-productive-initiative-qpi-2021/,2025-10-16T03:41:38.617754
